Name,Type,Detailed Description
AWS,Cloud,"Amazon Web Services offers a comprehensive suite of cloud computing services including computing power, storage, and databases."
Microsoft Azure,Cloud,"Microsoft Azure provides a wide range of cloud services including virtual machines, analytics, and AI."
Google Cloud Platform,Cloud,"Google Cloud offers scalable and reliable cloud computing solutions with advanced data analytics."
IBM Cloud,Cloud,"IBM Cloud provides enterprise-grade cloud solutions with a focus on AI and machine learning."
Oracle Cloud,Cloud,"Oracle Cloud delivers cloud infrastructure and platform services with strong database offerings."
DigitalOcean,Cloud,"DigitalOcean specializes in simple and affordable cloud infrastructure for developers."
Heroku,PaaS,"Heroku is a platform-as-a-service that enables developers to build, run, and scale applications."
Netlify,PaaS,"Netlify offers a platform for building, deploying, and managing modern web projects."
Vercel,PaaS,"Vercel is a cloud platform for static sites and Serverless Functions, optimized for frontend developers."
Firebase,Backend,"Firebase provides a suite of backend services for mobile and web applications, including real-time databases and authentication."
GitHub,DevOps,"GitHub is a platform for version control and collaboration, offering tools like GitHub Actions for CI/CD."
GitLab,DevOps,"GitLab offers a complete DevOps platform with built-in CI/CD, version control, and project management."
Bitbucket,DevOps,"Bitbucket is a Git repository management solution for professional teams, offering CI/CD pipelines."
CircleCI,CI/CD,"CircleCI is a continuous integration and delivery platform that automates development workflows."
TravisCI,CI/CD,"TravisCI provides continuous integration services for building and testing software projects hosted on GitHub."
Docker,Containerization,"Docker offers containerization solutions to package applications and their dependencies."
Kubernetes,Containerization,"Kubernetes automates deployment, scaling, and management of containerized applications."
Jenkins,CI/CD,"Jenkins is an open-source automation server for building, testing, and deploying code."
Ansible,Automation,"Ansible automates software provisioning, configuration management, and application deployment."
Puppet,Automation,"Puppet provides configuration management tools to automate infrastructure management."
Chef,Automation,"Chef is a configuration management tool that automates the provisioning of infrastructure."
Datadog,Monitoring,"Datadog offers monitoring and analytics for cloud-scale applications."
New Relic,Monitoring,"New Relic provides real-time performance monitoring for applications and infrastructure."
Splunk,Monitoring,"Splunk is a platform for searching, monitoring, and analyzing machine-generated data."
Prometheus,Monitoring,"Prometheus is an open-source systems monitoring and alerting toolkit."
Grafana,Monitoring,"Grafana is an open-source platform for monitoring and observability, providing dashboards and metrics."
Sentry,Monitoring,"Sentry provides error tracking and performance monitoring for applications."
PagerDuty,Monitoring,"PagerDuty is an incident management platform for IT departments."
Twilio,Messaging,"Twilio offers APIs for SMS, voice, and messaging services."
SendGrid,Messaging,"SendGrid provides email delivery and marketing services."
Mailgun,Messaging,"Mailgun is an email automation service for developers."
Cloudflare,CDN,"Cloudflare provides content delivery network services along with security features."
Fastly,CDN,"Fastly offers a real-time content delivery network for delivering web content quickly."
Akamai,CDN,"Akamai is a global content delivery network provider with advanced security solutions."
Zscaler,Security,"Zscaler offers cloud-based security services including secure web gateways and firewalls."
Okta,Identity Management,"Okta provides identity and access management solutions for enterprises."
Auth0,Identity Management,"Auth0 offers authentication and authorization services for applications."
OneLogin,Identity Management,"OneLogin is an identity management platform providing single sign-on and multi-factor authentication."
Ping Identity,Identity Management,"Ping Identity delivers secure identity solutions for the enterprise."
Stripe,Payments,"Stripe offers payment processing and financial services for online businesses."
PayPal,Payments,"PayPal provides online payment solutions for consumers and businesses."
Square,Payments,"Square offers point-of-sale and payment processing solutions."
Braintree,Payments,"Braintree provides payment gateway services for e-commerce applications."
Shopify,E-commerce,"Shopify is a platform for online stores and retail point-of-sale systems."
Magento,E-commerce,"Magento offers e-commerce solutions with flexible and scalable online store management."
Wix,Website Builder,"Wix provides tools for building professional websites with drag-and-drop functionality."
Weebly,Website Builder,"Weebly offers website building services with customizable templates and hosting."
WordPress,Website Builder,"WordPress is a content management system for building websites and blogs."
Contentful,Content Management,"Contentful is a headless CMS for managing and delivering digital content."
Strapi,Content Management,"Strapi is an open-source headless CMS for building customizable APIs."
Slack,Communication,"Slack is a collaboration hub that connects people with the information they need."
Zoom,Communication,"Zoom provides video conferencing services for meetings, webinars, and virtual events."
Microsoft Teams,Communication,"Microsoft Teams is a collaboration platform that integrates with Office 365."
Discord,Communication,"Discord offers voice, video, and text communication for communities and teams."
Trello,Project Management,"Trello is a visual tool for organizing work and managing projects."
Asana,Project Management,"Asana helps teams organize, track, and manage their work."
Jira,Project Management,"Jira is a tool for bug tracking, issue tracking, and project management."
Notion,Productivity,"Notion is an all-in-one workspace for note-taking, project management, and collaboration."
Evernote,Productivity,"Evernote offers note-taking and organization tools for personal and professional use."
Dropbox,Storage,"Dropbox provides cloud storage, file synchronization, and collaboration tools."
Box,Storage,"Box offers cloud content management and file sharing services for businesses."
OneDrive,Storage,"OneDrive is Microsoft's cloud storage solution integrated with Office 365."
